the,65
and,23
of,21
to,18
0,15
in,14
bmatrix,12
i,10
c,9
for,9
is,8
system,8
table,8
a,7
figure,7
model,7
motor,7
thrust,7
you,7
are,6
measured,6
moments,6
tabular,6
these,6
1,5
be,5
craft,5
eq,5
h,5
how,5
im,5
inertia,5
l,5
m,5
this,5
thrustprofiles,5
accelerations,4
chapter,4
choose,4
described,4
did,4
drag,4
equation,4
from,4
identification,4
n,4
rotational,4
tab,4
three,4
values,4
was,4
19,3
aircraft,3
all,3
axis,3
dynamic,3
each,3
flight,3
height,3
jpg,3
linear,3
mass,3
measurement,3
method,3
mixer,3
pair,3
rotor,3
simulation,3
using,3
were,3
2,2
3,2
5cm,2
along,2
an,2
averaged,2
bifilar,2
bifilarpendulum,2
body,2
can,2
characteristics,2
coefficients,2
constant,2
constants,2
correctly,2
define,2
degrees,2
deviation,2
diagrams,2
discussed,2
disturbances,2
drone,2
escs,2
eulernewtoninertialmatrix,2
eulernewtonrotationmatrix,2
frame,2
freedom,2
generated,2
has,2
here,2
it,2
literature,2
modelling,2
models,2
momentofinertia,2
motormixer,2
non-linear,2
on,2
order,2
parameter,2
parameters,2
pendulum,2
process,2
rad,2
references,2
required,2
rotors,2
s,2
sect,2
section,2
sensor,2
set,2
shown,2
similar,2
standard,2
test,2
used,2
wind,2
with,2
xx,2
yy,2
zz,2
000142928,1
000527406,1
001063842,1
025027578,1
10,1
10cm,1
125s,1
1434,1
1489,1
169260024,1
170196714,1
18,1
1889,1
3369,1
35,1
352kg,1
4,1
50,1
5087,1
7,1
7852,1
8558,1
9511,1
acceleration,1
accurate,1
allowing,1
angle,1
angular,1
around,1
as,1
assumptions,1
at,1
axes,1
based,1
been,1
begins,1
behind,1
by,1
calculate,1
calibrated,1
cater,1
ceiling,1
cell,1
chosen,1
commands,1
completed,1
concludes,1
configured,1
continue,1
continues,1
controldiagram,1
controlled,1
coupled,1
covered,1
created,1
d,1
defining,1
deriving,1
describe,1
design,1
desired,1
developed,1
discuss,1
discussion,1
disturbance,1
dynamicflightmodel,1
dynamics,1
e,1
entails,1
equations,1
evaluated,1
evidence,1
experiences,1
experiments,1
expression,1
external,1
final,1
finalise,1
first,1
focusing,1
followed,1
following,1
follows,1
forces,1
found,1
g,1
generate,1
give,1
global,1
images,1
inertial,1
inertias,1
investigated,1
involves,1
kinematics,1
kinetics,1
lag,1
law,1
lean,1
learnt,1
limit,1
limits,1
lit,1
load,1
made,1
marked,1
mathematical,1
mathematically,1
maths,1
matrix,1
max,1
measure,1
measurements,1
mechanical,1
methods,1
min,1
modelled,1
moller,1
moller2015,1
moment,1
motion,1
motors,1
must,1
na,1
needed,1
needs,1
negligibly,1
newton-euler,1
newton's,1
next,1
nm,1
noise,1
nomenclature,1
nonlinear,1
obtain,1
offsets,1
one,1
or,1
out,1
overview,1
pairs,1
plant,1
platform,1
plotted,1
position,1
profiles,1
provided,1
put,1
pwms,1
quadflightdynamics,1
quadrotor,1
r,1
ranges,1
rate,1
rates,1
real,1
representation,1
represented,1
results,1
review,1
rigid,1
rotate,1
rotation,1
rotationmatrix,1
rotorcraft,1
saturations,1
scale,1
send,1
sent,1
separate,1
setup,1
show,1
side,1
similarly,1
simplified,1
since,1
single,1
six,1
size,1
sized,1
small,1
specifically,1
ssect,1
stuff,1
substantiated,1
t,1
tensor,1
then,1
thorough,1
thoroughly,1
times,1
together,1
translational,1
tying,1
unit,1
units,1
unitslimits,1
up,1
ups,1
uses,1
valid,1
value,1
variance,1
varying,1
velocity,1
what,1
where,1
work,1
world,1
xy,1
xz,1
yz,1
